Workbook

Sheet Sheet1
B9: RSPS SUBMISSION CHECKLIST | K9: SUBMISSION STATUS: | M9: =IF(AND(COUNTIF(G12:G14,"Complete")=3, COUNTIF(G17,"Complete")=1, COUNTIF(G20,"Complete")=1, COUNTIF(G23:G26,"Complete")=4, COUNTIF(G29:G33,"Complete")=5, COUNTIF(G36:G43,"Complete")=8), "Ready", "Not Ready") -> Not Ready
B11: GENERAL SUBMISSION REQUIREMENTS | G11: STATUS
B12: 1. Analysis is performed on 23 Feb 2024 across ALL components of the system. | G12: Not Complete
B13: 2. Intended signal period is the same for all indicators. | G13: Not Complete
B14: 3. Submission includes BOTH intended signal period, and a time coherency summary (from 2018 until today). | G14: Not Complete
B16: PAGE 1: BALANCES | G16: STATUS
B17: 4. Formulas and balances are correct, weighted correctly, and are automated. | G17: Not Complete | K17: This strategy helps you answer 4 questions:
B19: PAGE 2: TOTALES | G19: STATUS | J19: ⬅ | K19: 1 | L19: What is the direction of the overall market? LONG or NOT-LONG ~~~ This is a LONG-ONLY strategy for simplicity
B20: 5. Your system TPI-based entry and exit criteria is CLEARLY defined, and your approved TPI from level 2 is included. | G20: Not Complete
B22: PAGE 3: CONSERVATIVE TREND TPI'S | G22: STATUS | J22: ⬅ | K22: 2 | L22: For the conservative portfolio, how much of each major should we hold?
B23: 6. All indicators are time coherent, and sufficiently match time coherency template. | G23: Not Complete
B24: 7. Analysis performed from 2018 onwards. | G24: Not Complete
B25: 8. All signals from indicators are included on each time coherency summary (from 2018 until today). | G25: Not Complete
B26: 9. Screen shots of each indicator are included, and their signals match the time coherency summary (from 2018 until today). | G26: Not Complete
B28: PAGE 4: OTHERS.D MINI TPI | G28: STATUS | J28: ⬅ | K28: 3 | L28: How much of the overall portfolio should be placed in smallcap trash?
B29: 10. All indicators are time coherent, and sufficiently match time coherency template. | G29: Not Complete
B30: 11. Analysis performed from 2018 onwards. | G30: Not Complete
B31: 12. Screen shots of each indicator are included, and their signals match the time coherency summary (from 2018 until today). | G31: Not Complete
B32: 13. All signals from indicators are included on the time coherency summary (from 2018 until today). | G32: Not Complete
B33: 14. Maximum 20% allocation to trash as per guidelines. | G33: Not Complete
B35: PAGE 5: TRASH TABLE | G35: STATUS | J35: ⬅ | K35: 4 | L35: For the allocated amount placed in trash, which tokens do we pick to allocate?
B36: 15. Trash allocations are EQUALLY weighted. | G36: Not Complete
B37: 16. Formulas for beta scores and market cap scores are AUTOMATED. | G37: Not Complete
B38: 17. MINIMUM 5 UNIQUE filters/criteria included in ALTS table. | G38: Not Complete
B39: 18. MINIMUM 15 tokens are included for analysis. | G39: Not Complete
B40: 19. No sharpe ratios, omega or sortino ratios used as criteria. | G40: Not Complete
B41: 20. No ATH metrics are used as criteria | G41: Not Complete
B42: 21. Indicators used in trash table are appropritate, name metioned and inputs defined. | G42: Not Complete
B43: 22. An indicator link is provided in the table header for each filter | G43: Not Complete

Sheet Sheet2
A1: MAIN BALANCES
A3: Include Solana: | B3: No | C3: << | D3: These cells MUST have a value for the sheet to work properly.
A4: Allocation Preference: | B4: 80 / 20 | C4: <<
A6: Total Capital: | B6: 10000
A8: Portfolio Ratios | D8: Implied Allocation
A9: Conservative | B9: =1-'3 - Trash Trend'!E21 -> #REF! | D9: =B$6*B9 -> #REF!
A10: Trash | B10: ='3 - Trash Trend'!E21 -> #REF! | D10: =B$6*B10 -> #REF!
A12: Conservative Portfolio | D12: Implied Allocation | E12: Current Allocation? | F12: Rebalance Required
A13: ETH | B13: ='2 - Conservative Trend'!P11 -> #REF! | D13: =D$9*B13 -> #REF! | E13: 5000 | F13: =D13-E13 -> #REF!
A14: BTC | B14: ='2 - Conservative Trend'!P12 -> #REF! | D14: =D$9*B14 -> #REF! | E14: 1000 | F14: =D14-E14 -> #REF!
A15: SOL | B15: ='2 - Conservative Trend'!P13 -> #REF! | D15: =D$9*B15 -> #REF! | E15: 0 | F15: =D15-E15 -> #REF!
A17: Trash Portfolio | D17: Implied Allocation | E17: Current Allocation? | F17: Rebalance Required
A18: ='4 - Trash Selection Table'!J10 -> #REF! | B18: ='4 - Trash Selection Table'!K10 -> #REF! | D18: =D$10*B18 -> #REF! | E18: 300 | F18: =D18-E18 -> #REF!
A19: ='4 - Trash Selection Table'!J11 -> #REF! | B19: ='4 - Trash Selection Table'!K11 -> #REF! | D19: =D$10*B19 -> #REF! | E19: 100 | F19: =D19-E19 -> #REF!
A20: ='4 - Trash Selection Table'!J12 -> #REF! | B20: ='4 - Trash Selection Table'!K12 -> #REF! | D20: =D$10*B20 -> #REF! | E20: 300 | F20: =D20-E20 -> #REF!
A21: ='4 - Trash Selection Table'!J13 -> #REF! | B21: ='4 - Trash Selection Table'!K13 -> #REF! | D21: =D$10*B21 -> #REF! | E21: 300 | F21: =D21-E21 -> #REF!
A22: ='4 - Trash Selection Table'!J14 -> #REF! | B22: ='4 - Trash Selection Table'!K14 -> #REF! | D22: =D$10*B22 -> #REF! | E22: 400 | F22: =D22-E22 -> #REF!
A23: ='4 - Trash Selection Table'!J15 -> #REF! | B23: ='4 - Trash Selection Table'!K15 -> #REF! | D23: =D$10*B23 -> #REF! | E23: 150 | F23: =D23-E23 -> #REF!

Sheet Sheet3
A1: Whole Market Trend #TPI
A2: Is the market actualy going up?
A3: Trend analysis performed on data series CRYPTOCAP:TOTALES
A4: Include your L2 approved MTPI
A5: Include your TPI-based entry and exit criteria
B8: Category | C8: Indicator | D8: Timeframe | E8: Inputs | F8: Score | G8: Result
F10: 1 | G10: =IF(F10=1, "Bullish", IF(F10=-1, "Bearish", "")) -> Bullish
F11: 1 | G11: =IF(F11=1, "Bullish", IF(F11=-1, "Bearish", "")) -> Bullish
F12: -1 | G12: =IF(F12=1, "Bullish", IF(F12=-1, "Bearish", "")) -> Bearish
F13: 1 | G13: =IF(F13=1, "Bullish", IF(F13=-1, "Bearish", "")) -> Bullish
F14: 1 | G14: =IF(F14=1, "Bullish", IF(F14=-1, "Bearish", "")) -> Bullish
F15: -1 | G15: =IF(F15=1, "Bullish", IF(F15=-1, "Bearish", "")) -> Bearish
F16: -1 | G16: =IF(F16=1, "Bullish", IF(F16=-1, "Bearish", "")) -> Bearish
F17: -1 | G17: =IF(F17=1, "Bullish", IF(F17=-1, "Bearish", "")) -> Bearish
F18: 1 | G18: =IF(F18=1, "Bullish", IF(F18=-1, "Bearish", "")) -> Bullish
F19: 1 | G19: =IF(F19=1, "Bullish", IF(F19=-1, "Bearish", "")) -> Bullish
F20: 1 | G20: =IF(F20=1, "Bullish", IF(F20=-1, "Bearish", "")) -> Bullish
F22: Average | G22: =AVERAGE(F10:F20) -> 0.27
B24: Entry Criteria:
B25: Exit Criteria:

Sheet Sheet4
A1: Ratio of ETH to BTC to SOL in conservative?
A2: This is the probability of which major (ETH, BTC or SOL) is going to outperform the other.
A3: Trend analysis performed on data series ETHBTC (Binance is preferable)
A4: When the Average is >0 on your ETHBTC TPI you’ll hold more ETH.
A5: When the Average is <0 on your ETHBTC TPI you’ll hold more BTC.
A6: Recommended to use 80/20 allocation. With this the portfolio will hold both assets, but with this method you will allocate a greater proportion of the bullish one.
B9: ETHBTC TPI | I9: Preferences | L9: Asset Ranks | O9: Dominant Major
F10: 1 or -1
B11: Category | C11: Indicator | D11: TImeframe | E11: Inputs | F11: Score | G11: Result | I11: SOL? | J11: =Balances!B3 -> #REF! | L11: ETH | M11: =IF(J11="Yes", IF(AND($G$17>0, $G$28<0), 2, IF(OR(AND($G$17>0, $G$28>0), AND($G$17<0, $G$28<0)), 1, 0)), IF(G17>0,2,1) ) -> #REF! | O11: ETH | P11: =IF(AND(J11="Yes", M11=1, M12=1, M13=1), 1/3, IF(AND(J11="No", M11=0, M12=0), 1/2, IF(M11=0, 0, IF(M11=1, IF(J12="80 / 20", 0.2, 0), IF(M11=2, IF(J12="80 / 20", 0.8, 1), 0) ) ) ) ) -> #REF!
B12: Perpetual | C12: Indicator 1 | F12: 1 | G12: =IF(F12=1, "Bullish", IF(F12=-1, "Bearish", "")) -> Bullish | I12: STYLE % | J12: =Balances!B4 -> #REF! | K12: ="+" -> + | L12: BTC | M12: =IF(J11="Yes",IF(AND($G$17<0, $G$39<0), 2, IF(OR(AND($G$17<0, $G$39>0), AND($G$17>0, $G$39<0)), 1, 0)),IF(G17<0,2,1) ) -> #REF! | N12: ="=" -> = | O12: BTC | P12: =IF(AND(J11="Yes", M11=1, M12=1, M13=1), 1/3, IF(AND(J11="No", M11=0, M12=0), 1/2, IF(M12=0, 0, IF(M12=1, IF(J12="80 / 20", 0.2, 0), IF(M12=2, IF(J12="80 / 20", 0.8, 1), 0) ) ) ) ) -> #REF!
B13: Oscillator | C13: Indicator 2 | F13: 1 | G13: =IF(F13=1, "Bullish", IF(F13=-1, "Bearish", "")) -> Bullish | I13: RISK | J13: =IF(AND(J11="Yes", J12="100 / 0"), "Higher Risk", IF(AND(J11="No", J12="80 / 20"), "Lower Risk", "Medium Risk")) -> #REF! | L13: SOL | M13: =IF(AND($G$28>0, $G$39>0), 2, IF(OR(AND($G$28<0, $G$39>0), AND($G$28>0, $G$39<0)), 1, 0)) -> 0 | O13: SOL | P13: =IF(J11="No", 0, IF(AND(M11=1, M12=1, M13=1), 1/3, IF(M13=0, 0, IF(M13=1, IF(J12="80 / 20", 0.2, 0), IF(M13=2, IF(J12="80 / 20", 0.8, 1), 0) ) ) ) ) -> #REF!
B14: Perpetual | C14: Indicator 3 | F14: -1 | G14: =IF(F14=1, "Bullish", IF(F14=-1, "Bearish", "")) -> Bearish
B15: Oscillator | C15: Indicator 4 | F15: -1 | G15: =IF(F15=1, "Bullish", IF(F15=-1, "Bearish", "")) -> Bearish | I15: ^ | L15: ^ | O15: ^
B16: Perpetual | C16: Indicator 5 | F16: -1 | G16: =IF(F16=1, "Bullish", IF(F16=-1, "Bearish", "")) -> Bearish | I16: DO NOT CHANGE ANY FORMULAS HERE, THEY ARE ALL AUTOMATED!
F17: Average | G17: =AVERAGE(F12:F16) -> -0.20
B20: SOLETH TPI
F21: 1 or -1
B22: Category | C22: Indicator | D22: TImeframe | E22: Inputs | F22: Score | G22: Result
B23: Perpetual | C23: Indicator 1 | F23: 1 | G23: =IF(F23=1, "Bullish", IF(F23=-1, "Bearish", "")) -> Bullish
B24: Oscillator | C24: Indicator 2 | F24: 1 | G24: =IF(F24=1, "Bullish", IF(F24=-1, "Bearish", "")) -> Bullish
B25: Perpetual | C25: Indicator 3 | F25: -1 | G25: =IF(F25=1, "Bullish", IF(F25=-1, "Bearish", "")) -> Bearish
B26: Oscillator | C26: Indicator 4 | F26: -1 | G26: =IF(F26=1, "Bullish", IF(F26=-1, "Bearish", "")) -> Bearish
B27: Perpetual | C27: Indicator 5 | F27: -1 | G27: =IF(F27=1, "Bullish", IF(F27=-1, "Bearish", "")) -> Bearish
F28: Average | G28: =AVERAGE(F23:F27) -> -0.20
B31: SOLBTC TPI
F32: 1 or -1
B33: Category | C33: Indicator | D33: TImeframe | E33: Inputs | F33: Score | G33: Result
B34: Perpetual | C34: Indicator 1 | F34: 1 | G34: =IF(F34=1, "Bullish", IF(F34=-1, "Bearish", "")) -> Bullish
B35: Oscillator | C35: Indicator 2 | F35: 1 | G35: =IF(F35=1, "Bullish", IF(F35=-1, "Bearish", "")) -> Bullish
B36: Perpetual | C36: Indicator 3 | F36: -1 | G36: =IF(F36=1, "Bullish", IF(F36=-1, "Bearish", "")) -> Bearish
B37: Oscillator | C37: Indicator 4 | F37: -1 | G37: =IF(F37=1, "Bullish", IF(F37=-1, "Bearish", "")) -> Bearish
B38: Perpetual | C38: Indicator 5 | F38: -1 | G38: =IF(F38=1, "Bullish", IF(F38=-1, "Bearish", "")) -> Bearish
F39: Average | G39: =AVERAGE(F34:F38) -> -0.20

Sheet Sheet5
A1: Ratio of Conservative to Trash?
A2: This is the probability of trash outperforming Majors.
A3: Trend analysis performed on data series (OTHERS.D)
A4: a.k.a "The Trash Index"
C6: OTHERS.D TPI
G7: 1 or 0
C8: Category | D8: Indicator | E8: Timeframe | F8: Inputs | G8: Trend | H8: Result
C9: Perpetual | D9: Indicator 1 | G9: 1 | H9: =if(G9>0,"Bullish", "Not Bullish") -> Bullish
C10: Oscillator | D10: Indicator 2 | G10: 1 | H10: =if(G10>0,"Bullish", "Not Bullish") -> Bullish
D11: Indicator 3 | G11: 0 | H11: =if(G11>0,"Bullish", "Not Bullish") -> Not Bullish
D12: Indicator 4 | G12: 1 | H12: =if(G12>0,"Bullish", "Not Bullish") -> Bullish
D13: Indicator 5 | G13: 1 | H13: =if(G13>0,"Bullish", "Not Bullish") -> Bullish
F15: Average | G15: =AVERAGE(G9:G13) -> 0.80
D19: Max to TRASH? | E19: 0.2
D20: Strength | E20: =G15 -> 0.8
D21: Portfolio % to allocate | E21: =E19*E20 -> 16%

Sheet Sheet6
A1: Which tokens do we pick for our portfolio?
A2: Pick your tokens and filter them though the selection table to see if they are qualified
A3: Base' token can be changed to suit preferences. It is recommended to use the outperforming base token in 2 - Conservative Trend
A4: Use at least 5 UNIQUE relative strength filters (For example: Token/USD 1D and Token/BTC 1D are both unique filters; Token/BTC 1D and Token/BTC 2D are NOT unique filters -> will count as 1 unique filter)
A5: Rename the "FILTER X" cells to appropriately represent the relative strength filter you have chosen to use
A6: Please put the indicator link used for each filter in the header row.
A8: TICKER | B8: FILTER 1 | C8: FILTER 2 | D8: FILTER 3 | E8: FILTER 4 | F8: FILTER 5 | G8: SCORE | J8: Threshold Score | L8: Allocate to tokens with a score above ⬅
J9: 4
A10: TOKEN A | B10: 1 | C10: 1 | D10: 1 | E10: 1 | F10: 1 | G10: 4 | J10: =IFERROR(__xludf.DUMMYFUNCTION("FILTER(A10:A24, G10:G24 >=J9) "),"TOKEN A") -> TOKEN A | K10: =IF(ISBLANK(J10), "", 1 / COUNTA($J$10:$J$15)) -> 33.33%
A11: TOKEN B | B11: 1 | C11: 1 | D11: 1 | E11: 1 | F11: 1 | G11: =SUM(B11:F11) -> 5 | J11: =IFERROR(__xludf.DUMMYFUNCTION("""COMPUTED_VALUE"""),"TOKEN B") -> TOKEN B | K11: =IF(ISBLANK(J11), "", 1 / COUNTA($J$10:$J$15)) -> 33.33%
A12: TOKEN C | B12: 1 | C12: 1 | D12: 0 | E12: 1 | F12: 1 | G12: =SUM(B12:F12) -> 4 | J12: =IFERROR(__xludf.DUMMYFUNCTION("""COMPUTED_VALUE"""),"TOKEN C") -> TOKEN C | K12: =IF(ISBLANK(J12), "", 1 / COUNTA($J$10:$J$15)) -> 33.33%
A13: TOKEN D | B13: 1 | C13: 1 | D13: 1 | E13: 0 | F13: 0 | G13: =SUM(B13:F13) -> 3 | K13: =IF(ISBLANK(J13), "", 1 / COUNTA($J$10:$J$15))
A14: TOKEN E | G14: =SUM(B14:F14) -> 0 | K14: =IF(ISBLANK(J14), "", 1 / COUNTA($J$10:$J$15))
A15: TOKEN F | G15: =SUM(B15:F15) -> 0 | K15: =IF(ISBLANK(J15), "", 1 / COUNTA($J$10:$J$15))
A16: TOKEN G | G16: =SUM(B16:F16) -> 0
G17: =SUM(B17:F17) -> 0
G18: =SUM(B18:F18) -> 0
G19: =SUM(B19:F19) -> 0
G20: =SUM(B20:F20) -> 0
G21: =SUM(B21:F21) -> 0
G22: =SUM(B22:F22) -> 0
G23: =SUM(B23:F23) -> 0
G24: =SUM(B24:F24) -> 0

Sheet Sheet7
B1: Please add any additional notes for the submission directly in this sheet under the appropriate category. Do not include any separate documents for the grader—keep all notes within this sheet.
A4: PAGE 1: BALANCES
A15: PAGE 2: TOTALES
A26: PAGE 3: CONSERVATIVE TREND
A37: PAGE 4: OTHERS.D MINI TPI
A48: PAGE 5: TRASH TABLE
A60: OTHER
